booking_date,travel_date,destination,price,customer_id,booking_source
2023-01-01,2023-02-01,Tokyo,2446.408711247095,1,Travel Agency
2023-01-02,2023-02-02,Sydney,521.6146506655518,2,Mobile App
2023-01-03,2023-02-03,London,2838.6661167764037,3,Website
2023-01-04,2023-02-04,Sydney,2936.364302998211,4,Mobile App
2023-01-05,2023-02-05,London,979.2817682379618,5,Travel Agency
2023-01-06,2023-02-06,Tokyo,1525.4824824645161,6,Website
2023-01-07,2023-02-07,Paris,717.5107292134699,7,Travel Agency
2023-01-08,2023-02-08,Sydney,2623.452930390442,8,Website
2023-01-09,2023-02-09,New York,817.8098133153426,9,Website
2023-01-10,2023-02-10,Paris,1027.6614869743166,10,Website
2023-01-11,2023-02-11,London,2625.267041441272,11,Website
2023-01-12,2023-02-12,London,664.6762928889043,12,Travel Agency
2023-01-13,2023-02-13,London,1318.332762241318,13,Travel Agency
2023-01-14,2023-02-14,London,1144.110159220178,14,Mobile App
2023-01-15,2023-02-15,Sydney,2423.5869358741693,15,Website
2023-01-16,2023-02-16,Tokyo,1490.777809266159,16,Mobile App
2023-01-17,2023-02-17,Tokyo,1572.745213602623,17,Website
2023-01-18,2023-02-18,London,2481.468381646333,18,Website
2023-01-19,2023-02-19,Paris,1613.777120012639,19,Mobile App
2023-01-20,2023-02-20,Paris,1304.292885383589,20,Mobile App
2023-01-21,2023-02-21,London,1063.3495748041496,21,Website
2023-01-22,2023-02-22,New York,2331.614462314009,22,Website
2023-01-23,2023-02-23,Paris,1571.6429483860359,23,Mobile App
2023-01-24,2023-02-24,Sydney,2897.2162798999675,24,Website
2023-01-25,2023-02-25,London,2171.2138165854894,25,Travel Agency
2023-01-26,2023-02-26,Sydney,2520.141503654878,26,Mobile App
2023-01-27,2023-02-27,Sydney,1856.5462103230625,27,Travel Agency
2023-01-28,2023-02-28,London,1814.9374088345644,28,Travel Agency
2023-01-29,2023-03-01,London,1458.4318410001893,29,Mobile App
2023-01-30,2023-03-02,London,1675.8865078096794,30,Travel Agency
2023-01-31,2023-03-03,New York,2300.2864585668267,31,Travel Agency
2023-02-01,2023-03-04,Paris,2955.038279819511,32,Travel Agency
2023-02-02,2023-03-05,London,2072.1712690462086,33,Travel Agency
2023-02-03,2023-03-06,Paris,2554.275356564596,34,Website
2023-02-04,2023-03-07,Sydney,2809.1585484809993,35,Mobile App
2023-02-05,2023-03-08,Tokyo,914.8578247873045,36,Website
2023-02-06,2023-03-09,Sydney,2342.2438476980437,37,Mobile App
2023-02-07,2023-03-10,London,2419.485218929316,38,Travel Agency
2023-02-08,2023-03-11,Sydney,1154.2120421034815,39,Mobile App
2023-02-09,2023-03-12,London,1117.0180139838135,40,Mobile App
2023-02-10,2023-03-13,Tokyo,1965.447085104882,41,Travel Agency
2023-02-11,2023-03-14,Tokyo,1752.6300153671943,42,Website
2023-02-12,2023-03-15,Tokyo,1837.766267811846,43,Website
2023-02-13,2023-03-16,New York,1182.5988437873252,44,Website
2023-02-14,2023-03-17,Sydney,1410.007695170892,45,Mobile App
2023-02-15,2023-03-18,Tokyo,2938.3098299789804,46,Travel Agency
2023-02-16,2023-03-19,Sydney,1211.9660559995282,47,Travel Agency
2023-02-17,2023-03-20,New York,2645.875378680476,48,Mobile App
2023-02-18,2023-03-21,Tokyo,869.1627012639299,49,Website
2023-02-19,2023-03-22,Paris,924.0414235969611,50,Website
2023-02-20,2023-03-23,London,2930.1864863854194,51,Mobile App
2023-02-21,2023-03-24,London,1827.2654456145306,52,Travel Agency
2023-02-22,2023-03-25,London,865.7281395902096,53,Website
2023-02-23,2023-03-26,Sydney,1976.4447334946549,54,Website
2023-02-24,2023-03-27,Sydney,2269.2412565423488,55,Website
2023-02-25,2023-03-28,Sydney,1930.5941025149205,56,Mobile App
2023-02-26,2023-03-29,Paris,1979.9175856202364,57,Mobile App
2023-02-27,2023-03-30,London,1393.8871482833506,58,Travel Agency
2023-02-28,2023-03-31,Sydney,2393.360231513455,59,Mobile App
2023-03-01,2023-04-01,Paris,2536.5519463663204,60,Mobile App
2023-03-02,2023-04-02,Tokyo,889.613750388586,61,Mobile App
2023-03-03,2023-04-03,Sydney,2870.0081695821686,62,Travel Agency
2023-03-04,2023-04-04,Tokyo,1090.5479481175544,63,Mobile App
2023-03-05,2023-04-05,New York,2567.3586395326633,64,Mobile App
2023-03-06,2023-04-06,Paris,698.793442349918,65,Travel Agency
2023-03-07,2023-04-07,Paris,2505.3480595492274,66,Mobile App
2023-03-08,2023-04-08,New York,1278.2452280465586,67,Travel Agency
2023-03-09,2023-04-09,Sydney,756.0176207027084,68,Website
2023-03-10,2023-04-10,London,2360.864136900769,69,Website
2023-03-11,2023-04-11,London,620.3791581469607,70,Mobile App
2023-03-12,2023-04-12,Paris,755.2428098755186,71,Travel Agency
2023-03-13,2023-04-13,Paris,2643.1554942002435,72,Website
2023-03-14,2023-04-14,London,1455.1937157794578,73,Travel Agency
2023-03-15,2023-04-15,Tokyo,560.2755196749347,74,Travel Agency
2023-03-16,2023-04-16,Paris,514.8541509054553,75,Mobile App
2023-03-17,2023-04-17,New York,1597.4326515031973,76,Travel Agency
2023-03-18,2023-04-18,Tokyo,2361.781666221279,77,Mobile App
2023-03-19,2023-04-19,New York,2268.6188442205057,78,Website
2023-03-20,2023-04-20,New York,893.6932637241747,79,Website
2023-03-21,2023-04-21,Paris,543.9199053645656,80,Website
2023-03-22,2023-04-22,London,1911.370824932359,81,Mobile App
2023-03-23,2023-04-23,Paris,2931.50365384765,82,Website
2023-03-24,2023-04-24,New York,1800.1990755714571,83,Travel Agency
2023-03-25,2023-04-25,Tokyo,2711.2515699068117,84,Website
2023-03-26,2023-04-26,Sydney,560.0554527731115,85,Website
2023-03-27,2023-04-27,London,1764.8725886548946,86,Mobile App
2023-03-28,2023-04-28,London,809.2514704166288,87,Mobile App
2023-03-29,2023-04-29,Paris,2230.5405484895136,88,Website
2023-03-30,2023-04-30,Paris,1330.1170293730415,89,Mobile App
2023-03-31,2023-05-01,New York,1556.1281878090892,90,Mobile App
2023-04-01,2023-05-02,Tokyo,2896.288199736393,91,Website
2023-04-02,2023-05-03,New York,1636.8160511805195,92,Travel Agency
2023-04-03,2023-05-04,New York,2626.069666675557,93,Mobile App
2023-04-04,2023-05-05,Paris,1641.1170030093228,94,Website
2023-04-05,2023-05-06,London,1151.3077057734226,95,Mobile App
2023-04-06,2023-05-07,New York,683.4212607242291,96,Mobile App
2023-04-07,2023-05-08,Paris,2377.6449491752855,97,Travel Agency
2023-04-08,2023-05-09,London,2280.823412447903,98,Travel Agency
2023-04-09,2023-05-10,New York,1934.8535713422011,99,Mobile App
2023-04-10,2023-05-11,Tokyo,2262.1054475792016,100,Website
2023-04-11,2023-05-12,Tokyo,1184.7201770200447,101,Website
2023-04-12,2023-05-13,New York,1081.9722089836496,102,Mobile App
2023-04-13,2023-05-14,London,2727.1038205159075,103,Travel Agency
2023-04-14,2023-05-15,Tokyo,2276.15342650679,104,Website
2023-04-15,2023-05-16,London,2996.636757984314,105,Website
2023-04-16,2023-05-17,Paris,1031.222213568373,106,Mobile App
2023-04-17,2023-05-18,London,2352.585879270349,107,Mobile App
2023-04-18,2023-05-19,London,1126.7196851190065,108,Mobile App
2023-04-19,2023-05-20,New York,1378.9753927989468,109,Mobile App
2023-04-20,2023-05-21,Sydney,2883.321417690911,110,Mobile App
2023-04-21,2023-05-22,London,2842.22801088365,111,Website
2023-04-22,2023-05-23,New York,1998.6224671079685,112,Travel Agency
2023-04-23,2023-05-24,Tokyo,1500.6985376162452,113,Website
2023-04-24,2023-05-25,New York,2401.5259254800176,114,Mobile App
2023-04-25,2023-05-26,New York,1457.9718855404046,115,Website
2023-04-26,2023-05-27,Tokyo,515.4645810256199,116,Mobile App
2023-04-27,2023-05-28,Paris,2317.6431078903843,117,Mobile App
2023-04-28,2023-05-29,Tokyo,2075.848463844445,118,Website
2023-04-29,2023-05-30,London,688.2015898837363,119,Mobile App
2023-04-30,2023-05-31,New York,751.5402014432916,120,Travel Agency
2023-05-01,2023-06-01,London,1126.621167826325,121,Mobile App
2023-05-02,2023-06-02,Sydney,1181.9718291466556,122,Travel Agency
2023-05-03,2023-06-03,Sydney,2520.177481296062,123,Travel Agency
2023-05-04,2023-06-04,Tokyo,2787.6043026336138,124,Mobile App
2023-05-05,2023-06-05,London,1225.1927772106542,125,Website
2023-05-06,2023-06-06,Sydney,2184.3774955668123,126,Travel Agency
2023-05-07,2023-06-07,Tokyo,1688.4038283505718,127,Travel Agency
2023-05-08,2023-06-08,Sydney,2497.874330318675,128,Mobile App
2023-05-09,2023-06-09,New York,1865.2965863980776,129,Mobile App
2023-05-10,2023-06-10,New York,2163.964629847252,130,Website
2023-05-11,2023-06-11,Sydney,1182.841737524979,131,Mobile App
2023-05-12,2023-06-12,New York,692.0928331386143,132,Mobile App
2023-05-13,2023-06-13,New York,1444.3168976623028,133,Travel Agency
2023-05-14,2023-06-14,Sydney,1512.838129053298,134,Mobile App
2023-05-15,2023-06-15,Paris,1983.395259212383,135,Travel Agency
2023-05-16,2023-06-16,Tokyo,1973.3417315783508,136,Travel Agency
2023-05-17,2023-06-17,Tokyo,2117.6656958358926,137,Travel Agency
2023-05-18,2023-06-18,Tokyo,969.4868242812037,138,Mobile App
2023-05-19,2023-06-19,London,2341.4002296216113,139,Website
2023-05-20,2023-06-20,Tokyo,744.7526029224026,140,Mobile App
2023-05-21,2023-06-21,New York,2130.9564661460417,141,Mobile App
2023-05-22,2023-06-22,Sydney,1169.1829080727207,142,Travel Agency
2023-05-23,2023-06-23,Tokyo,1868.69137082455,143,Mobile App
2023-05-24,2023-06-24,Sydney,1561.326536066171,144,Mobile App
2023-05-25,2023-06-25,Tokyo,594.7287463665044,145,Website
2023-05-26,2023-06-26,Tokyo,1136.4098597605293,146,Travel Agency
2023-05-27,2023-06-27,Paris,2933.328030791999,147,Mobile App
2023-05-28,2023-06-28,New York,712.7400897731862,148,Mobile App
2023-05-29,2023-06-29,London,2272.3777770568477,149,Mobile App
2023-05-30,2023-06-30,London,2938.991553043285,150,Mobile App
2023-05-31,2023-07-01,Paris,1390.8702645703897,151,Mobile App
2023-06-01,2023-07-02,Tokyo,2949.062720093315,152,Mobile App
2023-06-02,2023-07-03,New York,2186.408385110665,153,Travel Agency
2023-06-03,2023-07-04,Tokyo,2938.855631378165,154,Travel Agency
2023-06-04,2023-07-05,New York,1693.3445527383974,155,Website
2023-06-05,2023-07-06,New York,2650.0594589286616,156,Travel Agency
2023-06-06,2023-07-07,Sydney,2700.698911617682,157,Travel Agency
2023-06-07,2023-07-08,New York,2469.0500540780267,158,Website
2023-06-08,2023-07-09,London,2478.3966079314628,159,Website
2023-06-09,2023-07-10,London,2087.807185195328,160,Website
2023-06-10,2023-07-11,Sydney,683.575750730447,161,Travel Agency
2023-06-11,2023-07-12,Sydney,957.2147585510381,162,Website
2023-06-12,2023-07-13,Tokyo,1149.5197601660475,163,Website
2023-06-13,2023-07-14,London,2554.7970583078595,164,Mobile App
2023-06-14,2023-07-15,Sydney,2822.833795209915,165,Travel Agency
2023-06-15,2023-07-16,New York,1229.0476824350399,166,Travel Agency
2023-06-16,2023-07-17,Tokyo,1073.8330750593655,167,Travel Agency
2023-06-17,2023-07-18,New York,1749.2458377245798,168,Travel Agency
2023-06-18,2023-07-19,Tokyo,2564.203826372327,169,Website
2023-06-19,2023-07-20,Sydney,2555.245559808123,170,Website
2023-06-20,2023-07-21,London,994.1143825267964,171,Mobile App
2023-06-21,2023-07-22,Paris,1586.7339716832216,172,Travel Agency
2023-06-22,2023-07-23,Tokyo,1934.8411123579936,173,Travel Agency
2023-06-23,2023-07-24,London,2345.86491941678,174,Mobile App
2023-06-24,2023-07-25,Sydney,1966.2994307252573,175,Mobile App
2023-06-25,2023-07-26,Paris,1591.9839521325337,176,Mobile App
2023-06-26,2023-07-27,Tokyo,2642.4650197779156,177,Travel Agency
2023-06-27,2023-07-28,London,2325.7357500503176,178,Travel Agency
2023-06-28,2023-07-29,Paris,2398.954396741967,179,Travel Agency
2023-06-29,2023-07-30,New York,1625.9104669033102,180,Travel Agency
2023-06-30,2023-07-31,New York,2265.852113591752,181,Mobile App
2023-07-01,2023-08-01,Tokyo,1371.1761422381,182,Website
2023-07-02,2023-08-02,New York,1459.2253268508248,183,Website
2023-07-03,2023-08-03,Tokyo,1729.1606239478747,184,Mobile App
2023-07-04,2023-08-04,Tokyo,1014.3082614945415,185,Mobile App
2023-07-05,2023-08-05,New York,608.7983548770912,186,Mobile App
2023-07-06,2023-08-06,Tokyo,1402.831418364894,187,Mobile App
2023-07-07,2023-08-07,New York,2048.897609347822,188,Website
2023-07-08,2023-08-08,London,1735.0808817627585,189,Mobile App
2023-07-09,2023-08-09,London,2123.8589913787064,190,Mobile App
2023-07-10,2023-08-10,Sydney,2187.6074779520322,191,Website
2023-07-11,2023-08-11,Sydney,2977.8209900150855,192,Mobile App
2023-07-12,2023-08-12,Tokyo,2809.536930912675,193,Website
2023-07-13,2023-08-13,Tokyo,1521.5694956115792,194,Travel Agency
2023-07-14,2023-08-14,London,2009.9310049781518,195,Travel Agency
2023-07-15,2023-08-15,New York,2038.7927584307095,196,Mobile App
2023-07-16,2023-08-16,Sydney,796.5308739813274,197,Travel Agency
2023-07-17,2023-08-17,Sydney,1472.432105495364,198,Travel Agency
2023-07-18,2023-08-18,New York,658.6781855438912,199,Mobile App
2023-07-19,2023-08-19,Paris,1677.9346407549745,200,Website
2023-07-20,2023-08-20,Paris,1656.694116655828,201,Mobile App
2023-07-21,2023-08-21,New York,2731.8617244010807,202,Mobile App
2023-07-22,2023-08-22,New York,2024.8420554679603,203,Mobile App
2023-07-23,2023-08-23,London,1908.4012666633369,204,Website
2023-07-24,2023-08-24,Sydney,2409.494133210984,205,Mobile App
2023-07-25,2023-08-25,Paris,1470.3083667963438,206,Mobile App
2023-07-26,2023-08-26,Sydney,2010.7579093983256,207,Website
2023-07-27,2023-08-27,New York,569.9925184973619,208,Website
2023-07-28,2023-08-28,New York,1866.0110620224173,209,Website
2023-07-29,2023-08-29,Paris,2784.6293175539486,210,Travel Agency
2023-07-30,2023-08-30,Tokyo,2285.489558460318,211,Website
2023-07-31,2023-08-31,Paris,2975.84570849405,212,Mobile App
2023-08-01,2023-09-01,Sydney,2769.7161621,213,Website
2023-08-02,2023-09-02,London,1637.7224512995729,214,Travel Agency
2023-08-03,2023-09-03,Sydney,894.0564456610693,215,Website
2023-08-04,2023-09-04,London,1236.3919233347492,216,Website
2023-08-05,2023-09-05,Paris,862.025911392384,217,Mobile App
2023-08-06,2023-09-06,Sydney,1031.5867213195183,218,Mobile App
2023-08-07,2023-09-07,Sydney,761.0090761179076,219,Website
2023-08-08,2023-09-08,Sydney,1538.7329195846596,220,Travel Agency
2023-08-09,2023-09-09,Tokyo,587.3474157834545,221,Travel Agency
2023-08-10,2023-09-10,New York,625.0493199933767,222,Website
2023-08-11,2023-09-11,London,1653.9476686741436,223,Travel Agency
2023-08-12,2023-09-12,Tokyo,2957.2785333312645,224,Travel Agency
2023-08-13,2023-09-13,Paris,2387.247964695272,225,Mobile App
2023-08-14,2023-09-14,Paris,1957.4942023051324,226,Travel Agency
2023-08-15,2023-09-15,New York,1409.497720458728,227,Website
2023-08-16,2023-09-16,Sydney,2844.7448946377867,228,Website
2023-08-17,2023-09-17,Tokyo,2315.4933042957255,229,Travel Agency
2023-08-18,2023-09-18,London,2191.8849666320402,230,Website
2023-08-19,2023-09-19,Tokyo,2542.6174897259198,231,Website
2023-08-20,2023-09-20,Paris,514.2847982273416,232,Website
2023-08-21,2023-09-21,London,2641.068917485129,233,Mobile App
2023-08-22,2023-09-22,Tokyo,1317.8626444404017,234,Mobile App
2023-08-23,2023-09-23,Sydney,2834.208900083359,235,Website
2023-08-24,2023-09-24,Tokyo,2161.889963452977,236,Website
2023-08-25,2023-09-25,New York,2904.1010972420777,237,Mobile App
2023-08-26,2023-09-26,Tokyo,2047.7427414993017,238,Mobile App
2023-08-27,2023-09-27,New York,585.3864333306686,239,Website
2023-08-28,2023-09-28,New York,1924.3111166716978,240,Travel Agency
2023-08-29,2023-09-29,London,1114.4526835584852,241,Mobile App
2023-08-30,2023-09-30,Tokyo,2616.3094607317325,242,Website
2023-08-31,2023-10-01,London,578.7754566772605,243,Mobile App
2023-09-01,2023-10-02,London,1730.3093754974623,244,Travel Agency
2023-09-02,2023-10-03,Sydney,2433.28432137419,245,Website
2023-09-03,2023-10-04,Paris,2439.510914691533,246,Mobile App
2023-09-04,2023-10-05,Sydney,1408.2105150149916,247,Mobile App
2023-09-05,2023-10-06,London,807.4391729386539,248,Mobile App
2023-09-06,2023-10-07,Paris,2287.1145677799063,249,Mobile App
2023-09-07,2023-10-08,Tokyo,2745.5873485430407,250,Mobile App
2023-09-08,2023-10-09,Paris,1292.8764245333928,251,Travel Agency
2023-09-09,2023-10-10,Sydney,2788.2762079287936,252,Mobile App
2023-09-10,2023-10-11,Paris,1883.2891227708174,253,Website
2023-09-11,2023-10-12,Paris,2756.883647361673,254,Mobile App
2023-09-12,2023-10-13,New York,2804.0606830541833,255,Travel Agency
2023-09-13,2023-10-14,Paris,2995.568285093594,256,Website
2023-09-14,2023-10-15,Tokyo,2339.4239133789947,257,Travel Agency
2023-09-15,2023-10-16,Paris,2639.2894971879987,258,Travel Agency
2023-09-16,2023-10-17,Paris,875.438617970837,259,Website
2023-09-17,2023-10-18,Paris,2511.290991952681,260,Mobile App
2023-09-18,2023-10-19,London,2571.0981966858903,261,Travel Agency
2023-09-19,2023-10-20,Paris,1681.0497739786265,262,Mobile App
2023-09-20,2023-10-21,Tokyo,2116.59295532018,263,Mobile App
2023-09-21,2023-10-22,London,678.83851852829,264,Travel Agency
2023-09-22,2023-10-23,London,1236.958946851421,265,Mobile App
2023-09-23,2023-10-24,Tokyo,2511.544344829405,266,Mobile App
2023-09-24,2023-10-25,Sydney,1488.7678896675272,267,Travel Agency
2023-09-25,2023-10-26,New York,1724.6815384328509,268,Mobile App
2023-09-26,2023-10-27,New York,2191.2489252682262,269,Mobile App
2023-09-27,2023-10-28,London,2879.3520022575035,270,Mobile App
2023-09-28,2023-10-29,Paris,2897.03023663175,271,Website
2023-09-29,2023-10-30,Sydney,1548.0822027566996,272,Mobile App
2023-09-30,2023-10-31,New York,1060.9489489453404,273,Website
2023-10-01,2023-11-01,London,575.2942356533918,274,Website
2023-10-02,2023-11-02,New York,1775.596657100498,275,Website
2023-10-03,2023-11-03,Tokyo,2021.2845486812903,276,Mobile App
2023-10-04,2023-11-04,New York,2934.4060461387444,277,Mobile App
2023-10-05,2023-11-05,Tokyo,1177.9381205035288,278,Travel Agency
2023-10-06,2023-11-06,Tokyo,1604.370986590763,279,Travel Agency
2023-10-07,2023-11-07,Paris,2819.9521657357745,280,Mobile App
2023-10-08,2023-11-08,New York,631.7482535974418,281,Mobile App
2023-10-09,2023-11-09,London,583.2339843632382,282,Travel Agency
2023-10-10,2023-11-10,Tokyo,1915.7466708633378,283,Website
2023-10-11,2023-11-11,Tokyo,2201.592718662295,284,Website
2023-10-12,2023-11-12,Paris,1074.1814805982472,285,Website
2023-10-13,2023-11-13,New York,2826.489916843359,286,Mobile App
2023-10-14,2023-11-14,New York,1900.8151578458617,287,Travel Agency
2023-10-15,2023-11-15,Tokyo,2191.584100500948,288,Mobile App
2023-10-16,2023-11-16,London,2761.739289084475,289,Travel Agency
2023-10-17,2023-11-17,Tokyo,2930.314505065042,290,Mobile App
2023-10-18,2023-11-18,Paris,1634.027573832791,291,Mobile App
2023-10-19,2023-11-19,London,2685.0048704254264,292,Mobile App
2023-10-20,2023-11-20,Paris,1475.7189112749718,293,Travel Agency
2023-10-21,2023-11-21,Paris,2647.677291984799,294,Travel Agency
2023-10-22,2023-11-22,London,707.7636636124212,295,Mobile App
2023-10-23,2023-11-23,Paris,2257.254430855156,296,Website
2023-10-24,2023-11-24,Sydney,1206.9960339321633,297,Mobile App
2023-10-25,2023-11-25,Tokyo,1254.9461552906828,298,Website
2023-10-26,2023-11-26,Paris,1953.3394548813603,299,Travel Agency
2023-10-27,2023-11-27,Tokyo,694.783905311657,300,Website
2023-10-28,2023-11-28,Tokyo,1853.5700670778497,301,Website
2023-10-29,2023-11-29,Sydney,1348.4187000199445,302,Mobile App
2023-10-30,2023-11-30,New York,2477.0771698578446,303,Travel Agency
2023-10-31,2023-12-01,London,2638.5613769654774,304,Mobile App
2023-11-01,2023-12-02,London,1696.1486007010865,305,Website
2023-11-02,2023-12-03,Tokyo,676.4587461049449,306,Mobile App
2023-11-03,2023-12-04,Paris,705.711696595309,307,Mobile App
2023-11-04,2023-12-05,Tokyo,2781.718749698114,308,Travel Agency
2023-11-05,2023-12-06,London,758.6673646265267,309,Website
2023-11-06,2023-12-07,Sydney,543.3913157412288,310,Website
2023-11-07,2023-12-08,Sydney,1021.7821926719399,311,Mobile App
2023-11-08,2023-12-09,Paris,985.8589825677534,312,Travel Agency
2023-11-09,2023-12-10,Sydney,1619.707761941177,313,Travel Agency
2023-11-10,2023-12-11,New York,1868.5010141298703,314,Mobile App
2023-11-11,2023-12-12,Tokyo,2995.704974974183,315,Website
2023-11-12,2023-12-13,Tokyo,2369.8214277044294,316,Website
2023-11-13,2023-12-14,New York,2855.2782085904223,317,Travel Agency
2023-11-14,2023-12-15,London,2874.6504254137753,318,Travel Agency
2023-11-15,2023-12-16,Tokyo,590.5565864851865,319,Mobile App
2023-11-16,2023-12-17,Tokyo,1256.2276172765012,320,Mobile App
2023-11-17,2023-12-18,London,1909.2040381390036,321,Website
2023-11-18,2023-12-19,New York,1847.9098738887496,322,Travel Agency
2023-11-19,2023-12-20,London,2235.6060335700276,323,Travel Agency
2023-11-20,2023-12-21,Paris,778.8596149962323,324,Mobile App
2023-11-21,2023-12-22,New York,2790.3205987022197,325,Mobile App
2023-11-22,2023-12-23,Tokyo,639.2133360200932,326,Mobile App
2023-11-23,2023-12-24,London,1962.686897383713,327,Mobile App
2023-11-24,2023-12-25,Paris,1922.3767789329927,328,Website
2023-11-25,2023-12-26,Paris,1389.4877789631605,329,Travel Agency
2023-11-26,2023-12-27,Tokyo,2216.743803111607,330,Travel Agency
2023-11-27,2023-12-28,Tokyo,1513.06176525465,331,Website
2023-11-28,2023-12-29,London,1071.812507566317,332,Mobile App
2023-11-29,2023-12-30,Tokyo,986.8242280996585,333,Website
2023-11-30,2023-12-31,Sydney,749.632964238474,334,Website
2023-12-01,2024-01-01,New York,2122.224677746087,335,Travel Agency
2023-12-02,2024-01-02,London,709.0711725338837,336,Travel Agency
2023-12-03,2024-01-03,New York,1443.9316647410467,337,Mobile App
2023-12-04,2024-01-04,New York,1610.0918430739346,338,Website
2023-12-05,2024-01-05,Tokyo,2984.8814019178258,339,Website
2023-12-06,2024-01-06,Tokyo,597.1412363035029,340,Mobile App
2023-12-07,2024-01-07,New York,2072.651680530863,341,Website
2023-12-08,2024-01-08,London,1537.1037453211206,342,Website
2023-12-09,2024-01-09,Paris,1264.493096896645,343,Mobile App
2023-12-10,2024-01-10,Paris,1536.029434316916,344,Mobile App
2023-12-11,2024-01-11,Tokyo,1000.0378806625688,345,Website
2023-12-12,2024-01-12,New York,1634.5174823802176,346,Website
2023-12-13,2024-01-13,Sydney,675.4648374566286,347,Travel Agency
2023-12-14,2024-01-14,Sydney,642.0317900455157,348,Travel Agency
2023-12-15,2024-01-15,Paris,2628.075365430302,349,Website
2023-12-16,2024-01-16,London,1252.655801766832,350,Mobile App
2023-12-17,2024-01-17,Sydney,513.3229107474098,351,Website
2023-12-18,2024-01-18,Tokyo,2681.179015189464,352,Travel Agency
2023-12-19,2024-01-19,Paris,2088.994485463662,353,Website
2023-12-20,2024-01-20,Tokyo,2585.447297555029,354,Website
2023-12-21,2024-01-21,New York,2824.893473959609,355,Website
2023-12-22,2024-01-22,Tokyo,1472.7586697247145,356,Website
2023-12-23,2024-01-23,New York,739.7072576449905,357,Travel Agency
2023-12-24,2024-01-24,London,1086.332232787831,358,Mobile App
2023-12-25,2024-01-25,Tokyo,1271.6727477224724,359,Mobile App
2023-12-26,2024-01-26,London,797.8594730365097,360,Travel Agency
2023-12-27,2024-01-27,Sydney,837.3475810739035,361,Travel Agency
2023-12-28,2024-01-28,London,1244.0128202229973,362,Travel Agency
2023-12-29,2024-01-29,Paris,1053.4011483036159,363,Travel Agency
2023-12-30,2024-01-30,Tokyo,536.6792909112579,364,Travel Agency
2023-12-31,2024-01-31,Tokyo,2963.5734029369337,365,Mobile App
2024-01-01,2024-02-01,New York,2317.0307888127527,366,Travel Agency
2024-01-02,2024-02-02,New York,2179.8864307296176,367,Website
2024-01-03,2024-02-03,London,1748.4346699183834,368,Website
2024-01-04,2024-02-04,Paris,980.3038415604735,369,Website
2024-01-05,2024-02-05,Sydney,1841.6935447436897,370,Mobile App
2024-01-06,2024-02-06,London,531.1205344662483,371,Travel Agency
2024-01-07,2024-02-07,London,1823.7441832126995,372,Mobile App
2024-01-08,2024-02-08,Tokyo,2356.0444900457424,373,Travel Agency
2024-01-09,2024-02-09,Paris,2043.109102042126,374,Travel Agency
2024-01-10,2024-02-10,New York,778.7221805403465,375,Website
2024-01-11,2024-02-11,New York,2013.1461053446067,376,Travel Agency
2024-01-12,2024-02-12,New York,2091.4051560544276,377,Mobile App
2024-01-13,2024-02-13,London,1430.4129414389727,378,Travel Agency
2024-01-14,2024-02-14,London,2632.9985210498335,379,Mobile App
2024-01-15,2024-02-15,Sydney,578.8112470705507,380,Travel Agency
2024-01-16,2024-02-16,Tokyo,656.9142727941825,381,Travel Agency
2024-01-17,2024-02-17,Tokyo,2569.7885700175793,382,Mobile App
2024-01-18,2024-02-18,Paris,896.4712193246622,383,Website
2024-01-19,2024-02-19,Paris,1004.5193920549646,384,Website
2024-01-20,2024-02-20,Sydney,2575.4948793290046,385,Mobile App
2024-01-21,2024-02-21,Paris,2748.7780541823936,386,Mobile App
2024-01-22,2024-02-22,London,1575.803193896848,387,Website
2024-01-23,2024-02-23,Sydney,1497.857643957763,388,Travel Agency
2024-01-24,2024-02-24,Tokyo,1817.4713720122836,389,Travel Agency
2024-01-25,2024-02-25,London,2655.3950155440334,390,Travel Agency
2024-01-26,2024-02-26,London,2653.697674155762,391,Website
2024-01-27,2024-02-27,Paris,2790.7115066877686,392,Travel Agency
2024-01-28,2024-02-28,Tokyo,2011.995364690516,393,Travel Agency
2024-01-29,2024-02-29,Paris,2446.0764200883523,394,Website
2024-01-30,2024-03-01,Sydney,1436.6573720749861,395,Travel Agency
2024-01-31,2024-03-02,Sydney,2758.3848729542524,396,Travel Agency
2024-02-01,2024-03-03,Sydney,2956.075353024376,397,Travel Agency
2024-02-02,2024-03-04,Sydney,931.7451929834417,398,Travel Agency
2024-02-03,2024-03-05,London,1772.1115104209052,399,Travel Agency
2024-02-04,2024-03-06,Tokyo,2349.7276368176645,400,Mobile App
2024-02-05,2024-03-07,London,2804.3725248346414,401,Travel Agency
2024-02-06,2024-03-08,Sydney,2955.9500719323855,402,Website
2024-02-07,2024-03-09,New York,1474.2668967455518,403,Travel Agency
2024-02-08,2024-03-10,London,683.188074124743,404,Website
2024-02-09,2024-03-11,Paris,1982.6914519911604,405,Website
2024-02-10,2024-03-12,Tokyo,1734.4024359082987,406,Travel Agency
2024-02-11,2024-03-13,Sydney,1030.5324659029109,407,Website
2024-02-12,2024-03-14,London,832.2802341822709,408,Website
2024-02-13,2024-03-15,New York,1655.0133207742533,409,Travel Agency
2024-02-14,2024-03-16,New York,2025.404580012314,410,Mobile App
2024-02-15,2024-03-17,New York,809.7313972120442,411,Mobile App
2024-02-16,2024-03-18,Sydney,2577.615197345684,412,Mobile App
2024-02-17,2024-03-19,London,1377.3423078933668,413,Website
2024-02-18,2024-03-20,Tokyo,2014.6266704632305,414,Mobile App
2024-02-19,2024-03-21,Paris,533.0567949696067,415,Travel Agency
2024-02-20,2024-03-22,Paris,1548.8925990836806,416,Mobile App
2024-02-21,2024-03-23,New York,2868.0704197590453,417,Travel Agency
2024-02-22,2024-03-24,Sydney,2801.826876626609,418,Travel Agency
2024-02-23,2024-03-25,London,2212.859750361822,419,Mobile App
2024-02-24,2024-03-26,New York,1809.1242075464957,420,Travel Agency
2024-02-25,2024-03-27,Sydney,2244.604954138902,421,Mobile App
2024-02-26,2024-03-28,London,2870.7778061855474,422,Travel Agency
2024-02-27,2024-03-29,Sydney,1577.3892536484163,423,Mobile App
2024-02-28,2024-03-30,Sydney,2002.8752933224932,424,Website
2024-02-29,2024-03-31,New York,790.7921851286746,425,Website
2024-03-01,2024-04-01,Tokyo,2374.1794383378674,426,Mobile App
2024-03-02,2024-04-02,New York,1386.671133337586,427,Mobile App
2024-03-03,2024-04-03,New York,726.8466742775738,428,Website
2024-03-04,2024-04-04,Tokyo,2638.9779280037274,429,Travel Agency
2024-03-05,2024-04-05,New York,1230.9584532294803,430,Travel Agency
2024-03-06,2024-04-06,London,518.9406741512993,431,Travel Agency
2024-03-07,2024-04-07,Tokyo,2094.46924174163,432,Website
2024-03-08,2024-04-08,London,527.3186452271462,433,Website
2024-03-09,2024-04-09,Paris,2361.3983894870235,434,Mobile App
2024-03-10,2024-04-10,Paris,1397.7487416963413,435,Mobile App
2024-03-11,2024-04-11,Sydney,2109.734208642172,436,Mobile App
2024-03-12,2024-04-12,Sydney,2330.926962470523,437,Website
2024-03-13,2024-04-13,Sydney,2445.1889501580326,438,Website
2024-03-14,2024-04-14,Tokyo,1780.3772547453993,439,Mobile App
2024-03-15,2024-04-15,London,2351.8695324259456,440,Travel Agency
2024-03-16,2024-04-16,Sydney,1889.5431799884511,441,Travel Agency
2024-03-17,2024-04-17,Paris,2390.6038443275374,442,Website
2024-03-18,2024-04-18,Sydney,1363.850412427834,443,Mobile App
2024-03-19,2024-04-19,Paris,1437.2584855637997,444,Website
2024-03-20,2024-04-20,Tokyo,2750.565786231911,445,Website
2024-03-21,2024-04-21,New York,2820.2640299348527,446,Travel Agency
2024-03-22,2024-04-22,New York,1375.6650250001155,447,Mobile App
2024-03-23,2024-04-23,Tokyo,2888.4353513283977,448,Website
2024-03-24,2024-04-24,Sydney,1577.3913135383712,449,Travel Agency
2024-03-25,2024-04-25,Tokyo,2584.534877982314,450,Travel Agency
2024-03-26,2024-04-26,Tokyo,521.9413092309123,451,Travel Agency
2024-03-27,2024-04-27,Tokyo,2564.8690437039327,452,Website
2024-03-28,2024-04-28,Sydney,1575.2471899200575,453,Website
2024-03-29,2024-04-29,Sydney,1093.4213213617345,454,Website
2024-03-30,2024-04-30,Sydney,828.6041735748277,455,Mobile App
2024-03-31,2024-05-01,Tokyo,2760.7237598553584,456,Travel Agency
2024-04-01,2024-05-02,London,2100.256337760464,457,Travel Agency
2024-04-02,2024-05-03,Paris,655.5430754710843,458,Website
2024-04-03,2024-05-04,New York,1648.6624552606813,459,Travel Agency
2024-04-04,2024-05-05,London,2549.7926448904295,460,Mobile App
2024-04-05,2024-05-06,Tokyo,862.3645326159544,461,Website
2024-04-06,2024-05-07,London,871.4944750023333,462,Mobile App
2024-04-07,2024-05-08,Sydney,886.2048362570399,463,Website
2024-04-08,2024-05-09,Tokyo,2977.3067717823724,464,Travel Agency
2024-04-09,2024-05-10,Sydney,1415.8248416212382,465,Website
2024-04-10,2024-05-11,Sydney,2182.7370056013374,466,Website
2024-04-11,2024-05-12,New York,889.3191934234627,467,Travel Agency
2024-04-12,2024-05-13,Paris,1478.7106230920742,468,Travel Agency
2024-04-13,2024-05-14,New York,1269.3960845513132,469,Mobile App
2024-04-14,2024-05-15,Sydney,1476.5674476366921,470,Mobile App
2024-04-15,2024-05-16,London,1848.7868262636846,471,Mobile App
2024-04-16,2024-05-17,Sydney,926.7761145107202,472,Mobile App
2024-04-17,2024-05-18,Tokyo,932.7676233843015,473,Travel Agency
2024-04-18,2024-05-19,Sydney,2118.6444152712947,474,Mobile App
2024-04-19,2024-05-20,Paris,635.5430911149924,475,Website
2024-04-20,2024-05-21,New York,2581.908820765103,476,Travel Agency
2024-04-21,2024-05-22,London,558.7760604151557,477,Travel Agency
2024-04-22,2024-05-23,Paris,2861.413435759923,478,Website
2024-04-23,2024-05-24,London,2993.4481553966734,479,Travel Agency
2024-04-24,2024-05-25,Sydney,1248.5779743878431,480,Website
2024-04-25,2024-05-26,London,570.037973133594,481,Travel Agency
2024-04-26,2024-05-27,New York,1512.277420957219,482,Travel Agency
2024-04-27,2024-05-28,Paris,2300.288936474562,483,Travel Agency
2024-04-28,2024-05-29,London,2311.5688595974993,484,Mobile App
2024-04-29,2024-05-30,Paris,2014.7003118486318,485,Website
2024-04-30,2024-05-31,Paris,1471.0404907686666,486,Travel Agency
2024-05-01,2024-06-01,Paris,961.531123701549,487,Travel Agency
2024-05-02,2024-06-02,London,2798.173676790704,488,Website
2024-05-03,2024-06-03,New York,1689.5507559206035,489,Travel Agency
2024-05-04,2024-06-04,Sydney,1187.9940896956864,490,Travel Agency
2024-05-05,2024-06-05,London,836.6672255108907,491,Website
2024-05-06,2024-06-06,London,1235.475392253105,492,Mobile App
2024-05-07,2024-06-07,New York,2591.8124214624017,493,Website
2024-05-08,2024-06-08,New York,638.8641923280004,494,Travel Agency
2024-05-09,2024-06-09,Sydney,2710.851005055608,495,Website
2024-05-10,2024-06-10,Paris,2218.7958775549014,496,Mobile App
2024-05-11,2024-06-11,New York,1499.8448802139028,497,Travel Agency
2024-05-12,2024-06-12,London,1971.1837916173683,498,Travel Agency
2024-05-13,2024-06-13,Paris,2746.7262477950953,499,Mobile App
2024-05-14,2024-06-14,New York,1909.0658160265646,500,Mobile App
2024-05-15,2024-06-15,New York,1230.744960810839,501,Website
2024-05-16,2024-06-16,Paris,934.762077707316,502,Mobile App
2024-05-17,2024-06-17,London,1955.262734276981,503,Travel Agency
2024-05-18,2024-06-18,Sydney,2034.4124627008393,504,Travel Agency
2024-05-19,2024-06-19,London,2636.076671549532,505,Website
2024-05-20,2024-06-20,London,1926.2118656266211,506,Travel Agency
2024-05-21,2024-06-21,Tokyo,2352.801763847733,507,Mobile App
2024-05-22,2024-06-22,New York,559.1905408636626,508,Website
2024-05-23,2024-06-23,New York,2219.5473086038055,509,Mobile App
2024-05-24,2024-06-24,Paris,868.5891657908688,510,Website
2024-05-25,2024-06-25,Paris,838.9435157176877,511,Mobile App
2024-05-26,2024-06-26,Tokyo,2977.0223997893727,512,Website
2024-05-27,2024-06-27,Tokyo,2949.6696665355885,513,Website
2024-05-28,2024-06-28,Sydney,2289.610528355969,514,Mobile App
2024-05-29,2024-06-29,London,782.3419544138903,515,Travel Agency
2024-05-30,2024-06-30,Tokyo,1044.5901233522573,516,Travel Agency
2024-05-31,2024-07-01,Sydney,2863.376048350205,517,Mobile App
2024-06-01,2024-07-02,New York,621.255192733583,518,Mobile App
2024-06-02,2024-07-03,Sydney,910.6408418430296,519,Mobile App
2024-06-03,2024-07-04,Sydney,1515.495558188951,520,Mobile App
2024-06-04,2024-07-05,Paris,2905.081157415894,521,Travel Agency
2024-06-05,2024-07-06,Paris,1982.7165741059353,522,Travel Agency
2024-06-06,2024-07-07,Paris,2595.0059081082313,523,Travel Agency
2024-06-07,2024-07-08,Tokyo,1827.8955718025354,524,Website
2024-06-08,2024-07-09,Sydney,2255.1941931753017,525,Travel Agency
2024-06-09,2024-07-10,London,691.3990401974394,526,Mobile App
2024-06-10,2024-07-11,New York,2492.2167323764625,527,Website
2024-06-11,2024-07-12,Paris,2877.1995156945904,528,Mobile App
2024-06-12,2024-07-13,London,918.2831029831225,529,Mobile App
2024-06-13,2024-07-14,Sydney,930.0323114004925,530,Mobile App
2024-06-14,2024-07-15,New York,2803.8899034639194,531,Website
2024-06-15,2024-07-16,Sydney,1222.6068946961798,532,Website
2024-06-16,2024-07-17,Tokyo,1365.4418437871059,533,Travel Agency
2024-06-17,2024-07-18,Paris,2845.7434268655593,534,Travel Agency
2024-06-18,2024-07-19,Sydney,2479.953698295584,535,Travel Agency
2024-06-19,2024-07-20,London,1557.5873648325924,536,Travel Agency
2024-06-20,2024-07-21,Paris,619.1350419244814,537,Travel Agency
2024-06-21,2024-07-22,London,1821.834274684413,538,Website
2024-06-22,2024-07-23,Tokyo,2214.130349416667,539,Website
2024-06-23,2024-07-24,Sydney,2294.927767055555,540,Travel Agency
2024-06-24,2024-07-25,Tokyo,2346.678907290492,541,Mobile App
2024-06-25,2024-07-26,Paris,1909.0185533560218,542,Travel Agency
2024-06-26,2024-07-27,Paris,1456.345517100715,543,Website
2024-06-27,2024-07-28,Tokyo,2217.72612055031,544,Travel Agency
2024-06-28,2024-07-29,New York,2685.857727602228,545,Website
2024-06-29,2024-07-30,Paris,1495.8993875555216,546,Website
2024-06-30,2024-07-31,Sydney,2723.4129121363835,547,Website
2024-07-01,2024-08-01,Tokyo,2404.098648648762,548,Travel Agency
2024-07-02,2024-08-02,London,1498.8920069879262,549,Mobile App
2024-07-03,2024-08-03,Tokyo,2243.58587283173,550,Mobile App
2024-07-04,2024-08-04,Sydney,2383.4439015902963,551,Travel Agency
2024-07-05,2024-08-05,New York,2977.518273367404,552,Website
2024-07-06,2024-08-06,Sydney,1599.6122661030302,553,Travel Agency
2024-07-07,2024-08-07,London,2215.952240433826,554,Mobile App
2024-07-08,2024-08-08,London,1614.7055282968827,555,Mobile App
2024-07-09,2024-08-09,Paris,2915.598625986669,556,Travel Agency
2024-07-10,2024-08-10,Sydney,1793.7311950378798,557,Website
2024-07-11,2024-08-11,New York,2980.3116061491214,558,Website
2024-07-12,2024-08-12,London,957.7034068652189,559,Mobile App
2024-07-13,2024-08-13,New York,2982.738362412036,560,Mobile App
2024-07-14,2024-08-14,Paris,1392.0609026228387,561,Travel Agency
2024-07-15,2024-08-15,Paris,969.0277746573777,562,Website
2024-07-16,2024-08-16,Tokyo,2049.2265567236846,563,Website
2024-07-17,2024-08-17,Paris,917.8509042471287,564,Mobile App
2024-07-18,2024-08-18,Sydney,1989.1235159893688,565,Travel Agency
2024-07-19,2024-08-19,Sydney,1328.1575454936678,566,Mobile App
2024-07-20,2024-08-20,Paris,1232.0375590848053,567,Mobile App
2024-07-21,2024-08-21,Paris,786.7502995429163,568,Travel Agency
2024-07-22,2024-08-22,Sydney,2649.55375451164,569,Website
2024-07-23,2024-08-23,Sydney,1597.1907099778884,570,Mobile App
2024-07-24,2024-08-24,Tokyo,1158.9182117309738,571,Mobile App
2024-07-25,2024-08-25,London,2902.8521385126223,572,Website
2024-07-26,2024-08-26,Tokyo,2587.652661818904,573,Mobile App
2024-07-27,2024-08-27,New York,537.8997275712026,574,Website
2024-07-28,2024-08-28,London,2056.298966151092,575,Mobile App
2024-07-29,2024-08-29,New York,960.8012583594528,576,Mobile App
2024-07-30,2024-08-30,Paris,2542.9991281658577,577,Travel Agency
2024-07-31,2024-08-31,Tokyo,1646.0556130887053,578,Mobile App
2024-08-01,2024-09-01,Paris,2262.009927541225,579,Mobile App
2024-08-02,2024-09-02,London,1183.8490677454315,580,Website
2024-08-03,2024-09-03,Sydney,2605.004131152516,581,Travel Agency
2024-08-04,2024-09-04,New York,2558.5697653905745,582,Website
2024-08-05,2024-09-05,New York,2504.798872333887,583,Travel Agency
2024-08-06,2024-09-06,Sydney,792.3925729704205,584,Website
2024-08-07,2024-09-07,London,2804.064470294123,585,Mobile App
2024-08-08,2024-09-08,New York,2510.9586561161987,586,Mobile App
2024-08-09,2024-09-09,Sydney,1195.334992648644,587,Travel Agency
2024-08-10,2024-09-10,Paris,719.0143048403847,588,Mobile App
2024-08-11,2024-09-11,Tokyo,982.154815244602,589,Mobile App
2024-08-12,2024-09-12,New York,2722.015572049201,590,Website
2024-08-13,2024-09-13,New York,803.2012844304069,591,Travel Agency
2024-08-14,2024-09-14,New York,2343.7854252411653,592,Website
2024-08-15,2024-09-15,Paris,716.544362094492,593,Mobile App
2024-08-16,2024-09-16,Tokyo,1023.766990408219,594,Website
2024-08-17,2024-09-17,Tokyo,1563.524580904198,595,Travel Agency
2024-08-18,2024-09-18,Tokyo,2810.404817237302,596,Website
2024-08-19,2024-09-19,Paris,2001.353061684681,597,Website
2024-08-20,2024-09-20,Paris,990.581466089254,598,Website
2024-08-21,2024-09-21,London,1662.621594279934,599,Website
2024-08-22,2024-09-22,New York,2980.452665256234,600,Website
2024-08-23,2024-09-23,London,2513.359827143817,601,Website
2024-08-24,2024-09-24,New York,575.8593892697448,602,Mobile App
2024-08-25,2024-09-25,Sydney,1006.5002117518438,603,Mobile App
2024-08-26,2024-09-26,Paris,1656.4650831452898,604,Website
2024-08-27,2024-09-27,Paris,2332.5213168329883,605,Travel Agency
2024-08-28,2024-09-28,Tokyo,2264.610145100739,606,Travel Agency
2024-08-29,2024-09-29,Sydney,2512.2955299491614,607,Mobile App
2024-08-30,2024-09-30,Paris,1759.9136207811782,608,Mobile App
2024-08-31,2024-10-01,New York,1757.3059218086823,609,Website
2024-09-01,2024-10-02,Paris,1889.1653941372685,610,Travel Agency
2024-09-02,2024-10-03,London,2273.093607337388,611,Website
2024-09-03,2024-10-04,Paris,2703.828108290511,612,Mobile App
2024-09-04,2024-10-05,New York,1278.1070652719313,613,Mobile App
2024-09-05,2024-10-06,London,1152.5163316038638,614,Travel Agency
2024-09-06,2024-10-07,New York,1256.0384464061249,615,Mobile App
2024-09-07,2024-10-08,Sydney,1916.8637229733679,616,Mobile App
2024-09-08,2024-10-09,Tokyo,2290.39941177943,617,Travel Agency
2024-09-09,2024-10-10,Sydney,1112.887478994929,618,Mobile App
2024-09-10,2024-10-11,London,1235.0865595401754,619,Website
2024-09-11,2024-10-12,Paris,1000.0202738909993,620,Website
2024-09-12,2024-10-13,London,1625.0354831948082,621,Travel Agency
2024-09-13,2024-10-14,Paris,1200.5278486127079,622,Travel Agency
2024-09-14,2024-10-15,New York,2593.7042946175807,623,Travel Agency
2024-09-15,2024-10-16,Paris,2595.925610238537,624,Mobile App
2024-09-16,2024-10-17,Tokyo,533.188852071363,625,Website
2024-09-17,2024-10-18,New York,1667.7418698700744,626,Website
2024-09-18,2024-10-19,Paris,774.0789595587495,627,Travel Agency
2024-09-19,2024-10-20,London,1712.4167966195807,628,Travel Agency
2024-09-20,2024-10-21,Tokyo,1746.5919736113788,629,Travel Agency
2024-09-21,2024-10-22,Sydney,1796.390920646868,630,Website
2024-09-22,2024-10-23,Paris,2981.169572782203,631,Mobile App
2024-09-23,2024-10-24,Tokyo,1305.91098641039,632,Website
2024-09-24,2024-10-25,Tokyo,2207.6204381188527,633,Website
2024-09-25,2024-10-26,Paris,1681.8285584029782,634,Website
2024-09-26,2024-10-27,London,667.3758203541743,635,Travel Agency
2024-09-27,2024-10-28,London,2767.772327771387,636,Travel Agency
2024-09-28,2024-10-29,Sydney,1101.7241368226025,637,Travel Agency
2024-09-29,2024-10-30,Paris,2703.3772869502877,638,Travel Agency
2024-09-30,2024-10-31,Paris,1968.899717409074,639,Mobile App
2024-10-01,2024-11-01,Paris,1823.9932675023424,640,Website
2024-10-02,2024-11-02,London,2557.1349986324008,641,Website
2024-10-03,2024-11-03,Tokyo,1380.141891202033,642,Travel Agency
2024-10-04,2024-11-04,Tokyo,886.3547983852234,643,Website
2024-10-05,2024-11-05,Paris,656.588368163286,644,Website
2024-10-06,2024-11-06,New York,1078.8711153455308,645,Website
2024-10-07,2024-11-07,Paris,1308.454864355776,646,Website
2024-10-08,2024-11-08,Sydney,1598.5820490386538,647,Travel Agency
2024-10-09,2024-11-09,Paris,1119.0139568394666,648,Website
2024-10-10,2024-11-10,Sydney,624.4178932817127,649,Mobile App
2024-10-11,2024-11-11,Sydney,2944.6867693585446,650,Website
2024-10-12,2024-11-12,New York,2198.3682144442846,651,Mobile App
2024-10-13,2024-11-13,Tokyo,2597.6696745966756,652,Travel Agency
2024-10-14,2024-11-14,New York,2052.5423264969795,653,Mobile App
2024-10-15,2024-11-15,New York,886.0951306159075,654,Website
2024-10-16,2024-11-16,Tokyo,2138.541003986991,655,Website
2024-10-17,2024-11-17,Tokyo,1236.7813448418224,656,Mobile App
2024-10-18,2024-11-18,London,2954.4590389181976,657,Mobile App
2024-10-19,2024-11-19,Tokyo,1302.2127688841297,658,Mobile App
2024-10-20,2024-11-20,Paris,895.9733600843817,659,Mobile App
2024-10-21,2024-11-21,London,1681.789048156831,660,Mobile App
2024-10-22,2024-11-22,Sydney,2942.2930673508927,661,Travel Agency
2024-10-23,2024-11-23,New York,1122.8378364570997,662,Website
2024-10-24,2024-11-24,Tokyo,1806.5758118473689,663,Mobile App
2024-10-25,2024-11-25,Tokyo,1122.1569539091515,664,Website
2024-10-26,2024-11-26,London,833.275935056139,665,Website
2024-10-27,2024-11-27,Tokyo,1128.5123535557723,666,Website
2024-10-28,2024-11-28,New York,2325.2296802645333,667,Website
2024-10-29,2024-11-29,Sydney,1258.493569412216,668,Website
2024-10-30,2024-11-30,New York,858.9451085305886,669,Travel Agency
2024-10-31,2024-12-01,Sydney,2912.206582368234,670,Travel Agency
2024-11-01,2024-12-02,Tokyo,1477.108861924342,671,Mobile App
2024-11-02,2024-12-03,Paris,2587.42032929186,672,Website
2024-11-03,2024-12-04,London,1603.4203298462676,673,Mobile App
2024-11-04,2024-12-05,Sydney,1062.3685200300788,674,Mobile App
2024-11-05,2024-12-06,New York,1665.2194460926291,675,Website
2024-11-06,2024-12-07,Tokyo,1708.8472770927874,676,Travel Agency
2024-11-07,2024-12-08,Tokyo,1378.0560057476728,677,Website
2024-11-08,2024-12-09,Tokyo,2630.953878505023,678,Mobile App
2024-11-09,2024-12-10,London,871.7896059233627,679,Website
2024-11-10,2024-12-11,Paris,1853.6106966351633,680,Travel Agency
2024-11-11,2024-12-12,Tokyo,1525.4198938844322,681,Mobile App
2024-11-12,2024-12-13,Sydney,744.9311665667134,682,Travel Agency
2024-11-13,2024-12-14,London,2045.59763461669,683,Website
2024-11-14,2024-12-15,Tokyo,898.699162824576,684,Website
2024-11-15,2024-12-16,New York,672.7264461804789,685,Website
2024-11-16,2024-12-17,New York,2173.4485253878565,686,Travel Agency
2024-11-17,2024-12-18,Sydney,1102.9431525206714,687,Mobile App
2024-11-18,2024-12-19,Sydney,2056.4559413147217,688,Travel Agency
2024-11-19,2024-12-20,New York,1548.188417759786,689,Website
2024-11-20,2024-12-21,New York,1604.1034845787178,690,Website
2024-11-21,2024-12-22,New York,2081.4443905373573,691,Travel Agency
2024-11-22,2024-12-23,London,1364.1076854862822,692,Travel Agency
2024-11-23,2024-12-24,Paris,1311.3457496969345,693,Website
2024-11-24,2024-12-25,London,2237.7463358788154,694,Travel Agency
2024-11-25,2024-12-26,New York,1279.3768464097084,695,Website
2024-11-26,2024-12-27,Paris,2285.032252219647,696,Travel Agency
2024-11-27,2024-12-28,Sydney,2355.452439281931,697,Mobile App
2024-11-28,2024-12-29,Sydney,2805.4873932575733,698,Mobile App
2024-11-29,2024-12-30,New York,2813.3071062957665,699,Website
2024-11-30,2024-12-31,New York,1182.3499351164828,700,Mobile App
2024-12-01,2025-01-01,Sydney,1747.4499795023671,701,Travel Agency
2024-12-02,2025-01-02,New York,2111.805783535695,702,Travel Agency
2024-12-03,2025-01-03,London,1393.3378694353473,703,Website
2024-12-04,2025-01-04,Sydney,2622.5214885851806,704,Travel Agency
2024-12-05,2025-01-05,Paris,2443.2269632807006,705,Website
2024-12-06,2025-01-06,Tokyo,2678.8026473809573,706,Mobile App
2024-12-07,2025-01-07,London,2005.0165373504901,707,Mobile App
2024-12-08,2025-01-08,Sydney,1645.5546289126921,708,Website
2024-12-09,2025-01-09,Paris,2132.6427292029753,709,Travel Agency
2024-12-10,2025-01-10,Sydney,1531.0249751393806,710,Website
2024-12-11,2025-01-11,Tokyo,1060.9443808592814,711,Mobile App
2024-12-12,2025-01-12,London,2892.612345350211,712,Website
2024-12-13,2025-01-13,Sydney,2757.890527770163,713,Travel Agency
2024-12-14,2025-01-14,Tokyo,2464.0797221705516,714,Website
2024-12-15,2025-01-15,Tokyo,1644.8737830325006,715,Travel Agency
2024-12-16,2025-01-16,Tokyo,2773.4298005538576,716,Mobile App
2024-12-17,2025-01-17,Paris,597.6268579896114,717,Mobile App
2024-12-18,2025-01-18,Paris,2710.3247214561343,718,Travel Agency
2024-12-19,2025-01-19,London,1233.474811260512,719,Website
2024-12-20,2025-01-20,Tokyo,1006.1103929390351,720,Website
2024-12-21,2025-01-21,Sydney,686.4113426792469,721,Mobile App
2024-12-22,2025-01-22,Sydney,2918.2705132456895,722,Travel Agency
2024-12-23,2025-01-23,Tokyo,2092.8313154436937,723,Mobile App
2024-12-24,2025-01-24,Paris,997.1281096393732,724,Website
2024-12-25,2025-01-25,New York,1214.581339737442,725,Website
2024-12-26,2025-01-26,London,888.3931515013614,726,Travel Agency
2024-12-27,2025-01-27,Paris,1821.4828708288373,727,Website
2024-12-28,2025-01-28,Paris,1924.4662280673415,728,Travel Agency
2024-12-29,2025-01-29,London,2405.8515058786106,729,Website
2024-12-30,2025-01-30,Paris,694.7189235511426,730,Website
2024-12-31,2025-01-31,Paris,1122.3701384239469,731,Website
2025-01-01,2025-02-01,London,703.0260826505839,732,Website
2025-01-02,2025-02-02,Sydney,2853.071650973948,733,Mobile App
2025-01-03,2025-02-03,Sydney,2059.257745343253,734,Mobile App
2025-01-04,2025-02-04,New York,1085.3616573756335,735,Mobile App
2025-01-05,2025-02-05,Tokyo,1281.1526360564983,736,Travel Agency
2025-01-06,2025-02-06,Paris,714.285014684962,737,Website
2025-01-07,2025-02-07,New York,1762.728610200137,738,Mobile App
2025-01-08,2025-02-08,Tokyo,1174.5060998253698,739,Mobile App
2025-01-09,2025-02-09,New York,1724.392118879673,740,Travel Agency
2025-01-10,2025-02-10,New York,2053.0548021026325,741,Travel Agency
2025-01-11,2025-02-11,Sydney,1502.1916350748684,742,Website
2025-01-12,2025-02-12,Paris,2421.4443455315763,743,Website
2025-01-13,2025-02-13,Paris,2904.1519823368785,744,Mobile App
2025-01-14,2025-02-14,Paris,2715.313036658949,745,Travel Agency
2025-01-15,2025-02-15,London,1871.3813633880304,746,Website
2025-01-16,2025-02-16,Paris,2173.293168563764,747,Mobile App
2025-01-17,2025-02-17,London,2322.3807283888436,748,Mobile App
2025-01-18,2025-02-18,Sydney,2502.5885123110384,749,Travel Agency
2025-01-19,2025-02-19,London,2526.4283486100157,750,Travel Agency
2025-01-20,2025-02-20,London,2589.7088324126184,751,Travel Agency
2025-01-21,2025-02-21,Tokyo,1795.9517315493865,752,Travel Agency
2025-01-22,2025-02-22,New York,673.9441588619317,753,Website
2025-01-23,2025-02-23,London,2744.8540663207496,754,Mobile App
2025-01-24,2025-02-24,London,2167.4687162095233,755,Travel Agency
2025-01-25,2025-02-25,Tokyo,1072.9068885283498,756,Website
2025-01-26,2025-02-26,London,2155.064799818637,757,Website
2025-01-27,2025-02-27,Tokyo,2428.1790369439886,758,Website
2025-01-28,2025-02-28,Sydney,1570.2721974894043,759,Travel Agency
2025-01-29,2025-03-01,London,2720.3422668316443,760,Travel Agency
2025-01-30,2025-03-02,Tokyo,897.4503479071195,761,Travel Agency
2025-01-31,2025-03-03,Paris,1152.8149520257473,762,Mobile App
2025-02-01,2025-03-04,Tokyo,772.4583439698072,763,Website
2025-02-02,2025-03-05,Sydney,697.4821416311893,764,Website
2025-02-03,2025-03-06,Tokyo,936.2671322434803,765,Website
2025-02-04,2025-03-07,Paris,1509.199701342591,766,Website
2025-02-05,2025-03-08,London,713.0704461677008,767,Mobile App
2025-02-06,2025-03-09,New York,1643.921391683155,768,Website
2025-02-07,2025-03-10,Sydney,1449.9153915217203,769,Travel Agency
2025-02-08,2025-03-11,Tokyo,2140.155167626092,770,Travel Agency
2025-02-09,2025-03-12,Paris,823.484271970888,771,Mobile App
2025-02-10,2025-03-13,Paris,2990.503089175223,772,Website
2025-02-11,2025-03-14,Paris,779.5155578191383,773,Mobile App
2025-02-12,2025-03-15,Tokyo,2120.0456727387655,774,Mobile App
2025-02-13,2025-03-16,Tokyo,1117.1235874988397,775,Website
2025-02-14,2025-03-17,Tokyo,1168.7744137949953,776,Website
2025-02-15,2025-03-18,New York,2527.877055701071,777,Website
2025-02-16,2025-03-19,New York,2446.167967632549,778,Travel Agency
2025-02-17,2025-03-20,New York,878.9707600478173,779,Mobile App
2025-02-18,2025-03-21,Sydney,2137.279547504995,780,Mobile App
2025-02-19,2025-03-22,London,2355.416978883826,781,Travel Agency
2025-02-20,2025-03-23,Paris,726.3748057007483,782,Mobile App
2025-02-21,2025-03-24,Tokyo,2621.1119283966227,783,Mobile App
2025-02-22,2025-03-25,Sydney,960.513155002877,784,Mobile App
2025-02-23,2025-03-26,London,1692.9954555160384,785,Travel Agency
2025-02-24,2025-03-27,Tokyo,1363.9739322286273,786,Travel Agency
2025-02-25,2025-03-28,New York,1309.6993456126297,787,Travel Agency
2025-02-26,2025-03-29,Tokyo,1412.3223978349781,788,Travel Agency
2025-02-27,2025-03-30,Sydney,1025.2540998074883,789,Mobile App
2025-02-28,2025-03-31,London,526.9351456317224,790,Travel Agency
2025-03-01,2025-04-01,Paris,1189.9704162545083,791,Website
2025-03-02,2025-04-02,London,968.2420893016968,792,Website
2025-03-03,2025-04-03,Paris,1879.2732577563756,793,Travel Agency
2025-03-04,2025-04-04,London,1465.2833845617088,794,Website
2025-03-05,2025-04-05,London,1255.7958704007197,795,Website
2025-03-06,2025-04-06,Sydney,652.0512519519124,796,Mobile App
2025-03-07,2025-04-07,Tokyo,2902.7760529750985,797,Mobile App
2025-03-08,2025-04-08,New York,2459.4206450332777,798,Mobile App
2025-03-09,2025-04-09,Sydney,806.5209441434272,799,Mobile App
2025-03-10,2025-04-10,Tokyo,2565.757675279423,800,Travel Agency
2025-03-11,2025-04-11,Tokyo,2071.734632156673,801,Travel Agency
2025-03-12,2025-04-12,Paris,2778.828312666357,802,Mobile App
2025-03-13,2025-04-13,New York,2095.8979193181303,803,Travel Agency
2025-03-14,2025-04-14,London,951.6118162696508,804,Travel Agency
2025-03-15,2025-04-15,Sydney,2377.024912243416,805,Travel Agency
2025-03-16,2025-04-16,New York,2591.71043015045,806,Website
2025-03-17,2025-04-17,Paris,904.0547773402627,807,Mobile App
2025-03-18,2025-04-18,Tokyo,2739.384820605389,808,Travel Agency
2025-03-19,2025-04-19,London,2293.236739575453,809,Mobile App
2025-03-20,2025-04-20,New York,702.1932716352651,810,Mobile App
2025-03-21,2025-04-21,Paris,679.9443131846606,811,Website
2025-03-22,2025-04-22,Sydney,1474.270720463961,812,Travel Agency
2025-03-23,2025-04-23,Tokyo,2417.051899631171,813,Mobile App
2025-03-24,2025-04-24,London,1956.700570465125,814,Travel Agency
2025-03-25,2025-04-25,Tokyo,2831.762761496223,815,Mobile App
2025-03-26,2025-04-26,Tokyo,1930.8565069674078,816,Website
2025-03-27,2025-04-27,Tokyo,1980.1646281430571,817,Mobile App
2025-03-28,2025-04-28,London,2621.780231190121,818,Travel Agency
2025-03-29,2025-04-29,Tokyo,1065.2314190770621,819,Mobile App
2025-03-30,2025-04-30,New York,689.4409494029026,820,Travel Agency
2025-03-31,2025-05-01,Tokyo,1665.5432190310714,821,Travel Agency
2025-04-01,2025-05-02,Paris,2785.212441041047,822,Website
2025-04-02,2025-05-03,Sydney,2143.104809362073,823,Website
2025-04-03,2025-05-04,Paris,2731.1888275105766,824,Travel Agency
2025-04-04,2025-05-05,London,2004.8994714782364,825,Website
2025-04-05,2025-05-06,London,2875.723074708279,826,Website
2025-04-06,2025-05-07,Sydney,2810.3260754946164,827,Website
2025-04-07,2025-05-08,New York,2132.0657629739676,828,Mobile App
2025-04-08,2025-05-09,Sydney,1301.5066698422188,829,Mobile App
2025-04-09,2025-05-10,Paris,1965.7635569103784,830,Mobile App
2025-04-10,2025-05-11,New York,847.2695994775735,831,Mobile App
2025-04-11,2025-05-12,Sydney,2765.431154805573,832,Travel Agency
2025-04-12,2025-05-13,New York,2254.6988714765057,833,Website
2025-04-13,2025-05-14,Paris,938.0245693608831,834,Website
2025-04-14,2025-05-15,New York,2951.1755071609145,835,Travel Agency
2025-04-15,2025-05-16,Paris,2658.970480731297,836,Mobile App
2025-04-16,2025-05-17,Paris,1817.370111937979,837,Website
2025-04-17,2025-05-18,New York,2673.66205403514,838,Website
2025-04-18,2025-05-19,Paris,797.7069879908013,839,Mobile App
2025-04-19,2025-05-20,Sydney,2666.5826831518484,840,Mobile App
2025-04-20,2025-05-21,Tokyo,2959.6095576600546,841,Website
2025-04-21,2025-05-22,Sydney,2891.032178927894,842,Travel Agency
2025-04-22,2025-05-23,Tokyo,2826.3367912895446,843,Travel Agency
2025-04-23,2025-05-24,Sydney,2254.983489830641,844,Website
2025-04-24,2025-05-25,New York,1626.1989175900098,845,Travel Agency
2025-04-25,2025-05-26,New York,1965.3840225623244,846,Travel Agency
2025-04-26,2025-05-27,Sydney,2116.2225289688895,847,Website
2025-04-27,2025-05-28,Tokyo,1718.8716684134272,848,Mobile App
2025-04-28,2025-05-29,Tokyo,614.981315801734,849,Travel Agency
2025-04-29,2025-05-30,Paris,1048.9417662455585,850,Mobile App
2025-04-30,2025-05-31,London,2047.5264391896374,851,Website
2025-05-01,2025-06-01,Paris,507.25906246950933,852,Mobile App
2025-05-02,2025-06-02,London,1503.8327609783735,853,Travel Agency
2025-05-03,2025-06-03,London,2070.150336115913,854,Website
2025-05-04,2025-06-04,Paris,2534.498136341619,855,Travel Agency
2025-05-05,2025-06-05,London,1666.7566195895618,856,Mobile App
2025-05-06,2025-06-06,London,1268.5225346937932,857,Mobile App
2025-05-07,2025-06-07,Sydney,2952.5220030951773,858,Travel Agency
2025-05-08,2025-06-08,Tokyo,2650.977440608962,859,Travel Agency
2025-05-09,2025-06-09,Paris,2421.3536373313327,860,Mobile App
2025-05-10,2025-06-10,Paris,2511.9590810716772,861,Travel Agency
2025-05-11,2025-06-11,Tokyo,2239.782316063525,862,Travel Agency
2025-05-12,2025-06-12,Sydney,2511.3946390321166,863,Travel Agency
2025-05-13,2025-06-13,London,1158.7279863979445,864,Mobile App
2025-05-14,2025-06-14,Sydney,2547.501360142478,865,Mobile App
2025-05-15,2025-06-15,Paris,562.6165827083946,866,Website
2025-05-16,2025-06-16,London,845.9037998721182,867,Website
2025-05-17,2025-06-17,London,1004.2970057367311,868,Mobile App
2025-05-18,2025-06-18,Sydney,645.6994473052978,869,Mobile App
2025-05-19,2025-06-19,Paris,1471.139819328716,870,Website
2025-05-20,2025-06-20,Paris,1320.5797757774685,871,Mobile App
2025-05-21,2025-06-21,London,2091.163841927567,872,Travel Agency
2025-05-22,2025-06-22,New York,1573.4378159950588,873,Website
2025-05-23,2025-06-23,New York,956.7350686091202,874,Website
2025-05-24,2025-06-24,London,986.2079886227607,875,Website
2025-05-25,2025-06-25,Paris,1960.1873596554433,876,Mobile App
2025-05-26,2025-06-26,London,2528.084972255859,877,Mobile App
2025-05-27,2025-06-27,London,969.2530392774365,878,Travel Agency
2025-05-28,2025-06-28,London,2743.548895088827,879,Travel Agency
2025-05-29,2025-06-29,Sydney,2660.958291224801,880,Website
2025-05-30,2025-06-30,Paris,1028.8551345282197,881,Travel Agency
2025-05-31,2025-07-01,Paris,616.4188714239617,882,Mobile App
2025-06-01,2025-07-02,London,2243.2794024336,883,Mobile App
2025-06-02,2025-07-03,Paris,2706.0783295959445,884,Travel Agency
2025-06-03,2025-07-04,London,1954.7677305589323,885,Website
2025-06-04,2025-07-05,New York,576.9759878306838,886,Website
2025-06-05,2025-07-06,New York,1029.7334799262774,887,Travel Agency
2025-06-06,2025-07-07,Paris,1725.1553701031262,888,Travel Agency
2025-06-07,2025-07-08,Tokyo,518.1626820113747,889,Mobile App
2025-06-08,2025-07-09,Sydney,630.8557554006193,890,Website
2025-06-09,2025-07-10,Tokyo,2199.6903538737242,891,Website
2025-06-10,2025-07-11,London,724.1202411846147,892,Mobile App
2025-06-11,2025-07-12,New York,2143.9326163753713,893,Website
2025-06-12,2025-07-13,Tokyo,2237.2008922569785,894,Mobile App
2025-06-13,2025-07-14,Paris,1000.8635917119078,895,Mobile App
2025-06-14,2025-07-15,Sydney,529.2486330714412,896,Website
2025-06-15,2025-07-16,Tokyo,887.1448821743948,897,Website
2025-06-16,2025-07-17,New York,1126.4065287707149,898,Travel Agency
2025-06-17,2025-07-18,New York,1916.1989587155617,899,Travel Agency
2025-06-18,2025-07-19,Tokyo,2614.2076270992507,900,Website
2025-06-19,2025-07-20,New York,842.3411242657448,901,Travel Agency
2025-06-20,2025-07-21,London,947.5803559910485,902,Website
2025-06-21,2025-07-22,London,2777.5173191221397,903,Website
2025-06-22,2025-07-23,Paris,2565.0372083460584,904,Mobile App
2025-06-23,2025-07-24,Sydney,2726.6997530315325,905,Website
2025-06-24,2025-07-25,New York,1689.5604072797373,906,Mobile App
2025-06-25,2025-07-26,New York,1547.5033460323696,907,Mobile App
2025-06-26,2025-07-27,Paris,712.8589246295248,908,Mobile App
2025-06-27,2025-07-28,Sydney,2519.297747809439,909,Website
2025-06-28,2025-07-29,Sydney,2165.528704778352,910,Website
2025-06-29,2025-07-30,Tokyo,632.4028197770563,911,Travel Agency
2025-06-30,2025-07-31,Paris,1966.9163589920852,912,Website
2025-07-01,2025-08-01,Sydney,777.3213485709911,913,Mobile App
2025-07-02,2025-08-02,Paris,1405.0927710312153,914,Website
2025-07-03,2025-08-03,London,841.2749934587841,915,Website
2025-07-04,2025-08-04,New York,855.9784079585254,916,Website
2025-07-05,2025-08-05,New York,1519.2836667178904,917,Travel Agency
2025-07-06,2025-08-06,Tokyo,1195.1979536208553,918,Mobile App
2025-07-07,2025-08-07,Tokyo,2199.7303783701436,919,Mobile App
2025-07-08,2025-08-08,New York,947.2798578065898,920,Mobile App
2025-07-09,2025-08-09,Tokyo,1059.1415409449633,921,Travel Agency
2025-07-10,2025-08-10,New York,735.9822476296011,922,Mobile App
2025-07-11,2025-08-11,Tokyo,1627.9480652692941,923,Travel Agency
2025-07-12,2025-08-12,Tokyo,895.4978230576278,924,Travel Agency
2025-07-13,2025-08-13,London,2796.83226075576,925,Mobile App
2025-07-14,2025-08-14,Sydney,1873.6725346798341,926,Travel Agency
2025-07-15,2025-08-15,New York,2323.9127798713753,927,Mobile App
2025-07-16,2025-08-16,Tokyo,2875.0707827693186,928,Website
2025-07-17,2025-08-17,Sydney,687.2862185378468,929,Mobile App
2025-07-18,2025-08-18,Paris,2363.642142007011,930,Travel Agency
2025-07-19,2025-08-19,London,2499.725862885775,931,Website
2025-07-20,2025-08-20,Tokyo,566.9676339945646,932,Website
2025-07-21,2025-08-21,New York,2335.7957097459694,933,Travel Agency
2025-07-22,2025-08-22,Paris,1799.563423922533,934,Travel Agency
2025-07-23,2025-08-23,Tokyo,2238.084227802571,935,Website
2025-07-24,2025-08-24,Paris,2022.6426945020207,936,Website
2025-07-25,2025-08-25,London,2255.6877860214263,937,Website
2025-07-26,2025-08-26,London,2979.704823748784,938,Travel Agency
2025-07-27,2025-08-27,Sydney,2354.2731399400345,939,Travel Agency
2025-07-28,2025-08-28,Paris,865.5851211099803,940,Mobile App
2025-07-29,2025-08-29,Sydney,1356.4503935460266,941,Website
2025-07-30,2025-08-30,Tokyo,2930.533200687813,942,Mobile App
2025-07-31,2025-08-31,New York,2973.4536991824903,943,Mobile App
2025-08-01,2025-09-01,New York,1709.5128362474143,944,Travel Agency
2025-08-02,2025-09-02,Paris,1152.8394592743755,945,Website
2025-08-03,2025-09-03,Paris,2872.9715307517745,946,Mobile App
2025-08-04,2025-09-04,Paris,1125.826787133856,947,Travel Agency
2025-08-05,2025-09-05,Tokyo,2638.475704206077,948,Website
2025-08-06,2025-09-06,New York,2287.22455707937,949,Mobile App
2025-08-07,2025-09-07,New York,2815.7629682637516,950,Website
2025-08-08,2025-09-08,Sydney,1108.7996780360845,951,Website
2025-08-09,2025-09-09,Paris,2079.359364892817,952,Travel Agency
2025-08-10,2025-09-10,Paris,2059.404130254168,953,Website
2025-08-11,2025-09-11,Paris,1489.3582983352376,954,Travel Agency
2025-08-12,2025-09-12,London,2682.2692278052887,955,Travel Agency
2025-08-13,2025-09-13,Tokyo,1384.3077320162602,956,Travel Agency
2025-08-14,2025-09-14,London,2803.863448020844,957,Mobile App
2025-08-15,2025-09-15,Sydney,1130.6628509527914,958,Travel Agency
2025-08-16,2025-09-16,Sydney,2848.994674654859,959,Mobile App
2025-08-17,2025-09-17,Paris,626.4326006403793,960,Website
2025-08-18,2025-09-18,New York,578.8946535523247,961,Mobile App
2025-08-19,2025-09-19,London,2803.6844124231225,962,Website
2025-08-20,2025-09-20,Tokyo,2532.8470167469886,963,Travel Agency
2025-08-21,2025-09-21,Sydney,1581.1471145304924,964,Mobile App
2025-08-22,2025-09-22,New York,2360.578094127255,965,Website
2025-08-23,2025-09-23,London,1868.6002079069165,966,Mobile App
2025-08-24,2025-09-24,New York,2690.1676595510007,967,Website
2025-08-25,2025-09-25,Paris,1046.2109089915245,968,Mobile App
2025-08-26,2025-09-26,Paris,1726.6975047723292,969,Mobile App
2025-08-27,2025-09-27,New York,791.3115190061294,970,Travel Agency
2025-08-28,2025-09-28,London,1529.6846985888037,971,Mobile App
2025-08-29,2025-09-29,London,2605.583462408335,972,Website
2025-08-30,2025-09-30,London,2161.4701432657566,973,Website
2025-08-31,2025-10-01,Paris,1969.084243456352,974,Mobile App
2025-09-01,2025-10-02,Paris,1883.0091919879026,975,Mobile App
2025-09-02,2025-10-03,Tokyo,807.6918301376854,976,Travel Agency
2025-09-03,2025-10-04,Paris,1310.0842857520483,977,Mobile App
2025-09-04,2025-10-05,New York,1050.0854468639452,978,Travel Agency
2025-09-05,2025-10-06,Tokyo,698.344696921609,979,Travel Agency
2025-09-06,2025-10-07,Tokyo,2907.7747814415657,980,Mobile App
2025-09-07,2025-10-08,New York,984.7692828968577,981,Website
2025-09-08,2025-10-09,New York,2575.770713804006,982,Mobile App
2025-09-09,2025-10-10,London,1793.5093008222375,983,Mobile App
2025-09-10,2025-10-11,Sydney,1965.970584201507,984,Mobile App
2025-09-11,2025-10-12,Sydney,1275.6813693006466,985,Mobile App
2025-09-12,2025-10-13,Tokyo,934.7627737159762,986,Mobile App
2025-09-13,2025-10-14,Paris,1919.137842706181,987,Website
2025-09-14,2025-10-15,Paris,1429.2842065436112,988,Travel Agency
2025-09-15,2025-10-16,Tokyo,1876.7570998091703,989,Travel Agency
2025-09-16,2025-10-17,Tokyo,2589.022921749183,990,Mobile App
2025-09-17,2025-10-18,Sydney,2502.9231050129956,991,Website
2025-09-18,2025-10-19,Sydney,2719.38095983688,992,Mobile App
2025-09-19,2025-10-20,Tokyo,2587.2058757015934,993,Travel Agency
2025-09-20,2025-10-21,Tokyo,2283.0786847924974,994,Travel Agency
2025-09-21,2025-10-22,New York,2845.5353704853064,995,Mobile App
2025-09-22,2025-10-23,Tokyo,2840.6067280935113,996,Travel Agency
2025-09-23,2025-10-24,Paris,976.9100816025451,997,Mobile App
2025-09-24,2025-10-25,London,1070.0801113445098,998,Travel Agency
2025-09-25,2025-10-26,New York,2501.1538788876037,999,Website
2025-09-26,2025-10-27,Paris,1359.6392594420893,1000,Mobile App
